Hashtags,Count
#russia,915
#ukraine,858
#nuclear,578
#putin,511
#war,434
#nato,282
#nuclearwar,176
#usa,148
#biden,142
#zelensky,132
#armageddon,115
#ww3,114
#ukrainerussiawar,102
#us,97
#russian,95
#ukrainewar,91
#russiaukrainewar,90
#china,62
#nuclearweapons,59
#news,52
#europe,49
#eu,48
#military,44
#crimea,35
#ukrainerussianwar,35
#moscow,34
#wwiii,32
#peace,31
#uk,31
#breaking,31
#zelenskyy,29
#joebiden,29
#ukrainian,28
#russianukrainianwar,27
#kyiv,26
#northkorea,26
#politics,26
#nukes,25
#trending,25
#crimeanbridge,24
#weapons,24
#war_in_ukraine,23
#vladimirputin,23
#world,22
#lyman,22
#russianarmy,21
#zaporizhzhia,21
#intelligence,20
#conflict,20
#trump,20
#elonmusk,19
#imammahdi,19
#allah,19
#religion,19
#america,19
#energy,18
#poland,18
#oplran,18
#nuke,17
#metaverse,16
#diplomacy,16
#unitedstates,16
#bitcoin,16
#standwithukraine,16
#kremlin,16
#petraeus,16
#japan,16
#army,15
#un,15
#god,15
#russians,15
#nucleararmageddon,15
#worldwar3,15
#donetsk,15
#france,15
#sanctions,14
#russiainvadedukraine,14
#ukraina,14
#nyc,14
#kherson,14
#game,14
#plant,14
#iranprotests2022,14
#warcrimes,13
#bb24,13
#btc,13
#anime,13
#movie,13
#esport,13
#russiaisaterroriststate,13
#germany,13
#endtimes,12
#nuclear_weapons,12
#nfts,12
#australia,12
#nuclearthreat,12
#specialforces,12
#worldwariii,12
#ukrainianarmy,11
#humanity,11
#popefrancis,11
#finland,11
#ukrainerussia,11
#coldwar,11
#putinwarcriminal,11
#india,11
#zelenskywarcriminal,11
#west,10
#videos,9
#belarus,9
#musk,9
#taiwan,9
#democrats,9
#canada,9
#pope,8
#cia,8
#nuclearstrike,8
#nft,8
#kharkiv,8
#britain,8
#nordstream,8
#iaea,8
#alert,8
#natorussiawar,8
#threat,8
#audioleak,8
#refugees,8
#matthew24,8
#president,8
#nuclearweapon,8
#covid19,8
#russiaislosing,8
#worldnews,8
#cubanmissilecrisis,7
#history,7
#southkorea,7
#ukrainewarnews,7
#nordstreamsabotage,7
#kiev,7
#zelenskiy,7
#radiation,7
#maga,7
#families,7
#emergency,7
#nuclearthreats,7
#security,7
#media,7
#ukrainians,6
#europeanunion,6
#russiaisateroriststate,6
#3,6
#ukrainewillwin,6
#xi,6
#1,6
#warsandrumorsofwar,6
#potus,6
#iran,6
#putinswar,6
#climatechange,6
#nowar,6
#breakingnews,6
#twitter,6
#ukrainenews,6
#cdnpoli,5
#russianlosses,5
#chechen,5
#climate,5
#nordstream2,5
#buzzerly,5
#twitteralternative,5
#annexation,5
#warinukraine,5
#prague,5
#russianmobilization,5
#kindleunlimited,5
#eth,5
#energycrisis,5
#murder,5
#nucleartrain,5
#crimesagainsthumanity,5
#sweden,5
#dictator,5
#weapon,5
#nftcommunity,5
#nuclearpower,5
#unitednations,5
#hiroshima,5
#soldiers,5
#wef,5
#russiaukraine,5
#wmd,5
#ukrainekrieg,5
#insia,5
#nuclearenergy,5
#rusia,5
#atomic,5
#smartnews,5
#kadyrov,5
#crisis,5
#apocalypse,5
#cnn,4
#lavrov,4
#art,4
#live,4
#gay,4
#uspoli,4
#cuban,4
#threats,4
#troops,4
#strikes,4
#inflation,4
#propaganda,4
#trunews,4
#ρωσία,4
#veterans,4
#icc,4
#opec,4
#not,4
#auspol,4
#kerch,4
#electricity,4
#global,4
#web3,4
#metabeat,4
#creditsuisse,4
#geopolitics,4
#nftart,4
#worldwar,4
#2,4
#unitedkingdom,4
#submarine,4
#wwii,4
#ukrainecrisis,4
#music,4
#fear,4
#bridge,4
#z,4
#defense,4
#liberals,4
#doomsday,4
#nuclear_war,4
#netherlands,4
#ireland,4
#ucraina,4
#nobelpeaceprize,4
#crimeabridge,4
#climatecrisis,4
#missile,4
#recession,4
#censorship,4
#october,4
#ukrainerussiacrisis,4
#republicans,4
#donbas,3
#zelenski,3
#hurricaneian,3
#surveillance,3
#russiaaggression,3
#poseidon,3
#naziukraine,3
#nuclearattack,3
#dnipro,3
#dictatorship,3
#xijinping,3
#russiancrimes,3
#humanrights,3
#japanese,3
#russianwarcrimes,3
#freenavalny,3
#coal,3
#nordstream1,3
#volodymyrzelenskiy,3
#greatgame,3
#abpoli,3
#ουκρανία,3
#russiaukraineconflict,3
#r4today,3
#hitler,3
#bombs,3
#pakistan,3
#switzerland,3
#lowyinstitute,3
#norway,3
#wolfpackauthors,3
#kimjongun,3
#nazi,3
#falseflag,3
#coalition,3
#regionalsecurity,3
#freedom,3
#atomicbomb,3
#mariupol,3
#mecha,3
#covid,3
#scifi,3
#arctic,3
#environment,3
#whitehouse,3
#iodine,3
#california,3
#wakeup,3
#russiaukrainecrisis,3
#fallout,3
#iranprotests,3
#corruption,3
#stop,3
#antiwar,3
#mad,3
#metoo,3
#bbcnews,3
#losangeles,3
#opirani,3
#good,3
#gvwire,3
#odesa,3
#invasion,3
#crypto,3
#nucleare,3
#lithuania,3
#control,3
#allies,3
#iartg,3
#battletech,3
#mechs,3
#elon,3
#proxywar,3
#uranium,3
#nafo,3
#korean,3
#vote,3
#cold_war,3
#nwo,3
#nucleararms,3
#stopwar,3
#destruction,3
#foxnews,3
#gas,3
#globalwarming,3
#nobelprize,3
#gop,3
#fjb,3
#potassium,3
#stopputin,2
#cpc22,2
#chess_board,2
#valzeina,2
#blacksea,2
#economic,2
#grisons,2
#turkey,2
#supermariobrosmovie,2
#calfreisen,2
#ramzankadyrov,2
#danger,2
#earthquake,2
#stopthewar,2
#bible,2
#warsaw,2
#warzone,2
#warning,2
#texas,2
#cancer,2
#ussgeraldrford,2
#video,2
#ugandarepent,2
#navy,2
#updates,2
#says,2
#zizers,2
#spending,2
#endoftheworld,2
#rafaelgrossi,2
#nuclearagency,2
#christ,2
#talktv,2
#ukrainenow,2
#liztruss,2
#gbnews,2
#trimmis,2
#cpc,2
#themuhammadanway,2
#abortionrights,2
#landquart_district,2
#puttin,2
#deutschland,2
#trendingnews,2
#preventivenuclearstrike,2
#communism,2
#mi6,2
#survival,2
#dc,2
#astrology,2
#bidendestroysamerica,2
#1001daystoendwars,2
#international,2
#cuba,2
#guerra,2
#readselective,2
#warnings,2
#tactical,2
#risk,2
#agenda,2
#foia,2
#firststrike,2
#n,2
#smr,2
#wisdom,2
#ukraineinvasion,2
#nobel,2
#hunterbiden,2
#opinion,2
#marijuana,2
#nonukes,2
#soul,2
#americans,2
#u,2
#vladimir_putin,2
#drugs,2
#castiel_switzerland,2
#nucleartestveterans,2
#andrewtate,2
#carrier,2
#rnlshow,2
#cvn78,2
#philosophy,2
#developing,2
#starlink,2
#terrorism,2
#ukrainefrontlines,2
#newyork,2
#democrat,2
#lng,2
#ua,2
#unga,2
#denmark,2
#supportrussia,2
#castrate,2
#ceasefire,2
#power,2
#atrocitiesofkremlin,2
#closethesky,2
#artists,2
#nuclearsafety,2
#nftsales,2
#flies,2
#elections,2
#nuclearblackmail,2
#rationality,2
#nftartists,2
#kerchbridge,2
#flag,2
#washington,2
#pulls,2
#globalists,2
#strike,2
#missiles,2
#zaporizhzhya,2
#mikeadams,2
#internationalrelations,2
#escalation,2
#russiansoldiers,2
#crime,2
#democratsaredestroyingamerica,2
#czechia,2
#twitch,2
#second,2
#silent,2
#ww,2
#children,2
#russianukrainewar,2
#manipulation,2
#politicians,2
#luhansk,2
#liberalismisamentaldisorder,2
#tmtm,2
#american,2
#terror,2
#soldie,2
#youtube,2
#oil,2
#usarmy,2
#ukrainecounterattack,2
#kazakhstan,2
#jesusiscomingbacksoon,2
#weather,2
#letsgo,2
#bunkers,2
#magat,2
#incaseyoumissedit,2
#death,2
#redacted,2
#train,2
#donbass,2
#lifesaving,2
#stevequayle,2
#estonia,2
#latvia,2
#czech,2
#austria,2
#donaldtrump,2
#korea,2
#earth,2
#nftarti,2
#european,2
#money,2
#macron,2
#spaceopera,2
#adventure,2
#interstellar,2
#foreignpolicy,2
#fukushima,2
#atom,2
#bidenbordercrisis,2
#zaidhamid,2
#government,2
#ucrania,2
#fyp,2
#billgates,2
#agenda2030,2
#buildbackbetter,2
#globalreset,2
#republican,2
#apocalyptic,2
#luke21,2
#warcriminals,2
#bomb,2
#ukrainecounteroffensive,2
#veteran,2
#viral,2
#30secondbook,2
#bunker,2
#greatreset,2
#bbc,2
#slavaukraini,2
#istandwithrussia,2
#quote,2
#uspolitics,2
#africa,2
#russianfederation,2
#georgia,2
#climatescam,2
#asean,2
#nordstreampipeline,2
#nagasaki,2
#sanfrancisco,2
#ukraine_war,2
#notoukraine,2
#warandrumorsofwar,2
#pentagon,2
#economy,2
#explosion,2
#maidancoup,2
#atlantic,2
#odessa,2
#provoked,2
#nobelpeaceprize2022,2
#aiart,2
#hbdvladmirputin,2
#imdb,1
#putinoverbiden,1
#nftdrop,1
#duda,1
#activists,1
#ocean,1
#activist,1
#capabilities,1
#activism,1
#activelatvia,1
#humor,1
#russian_fm,1
#warrussia,1
#warukraine,1
#kharkivcounteroffensive,1
#nofreemedia,1
#govt,1
#spies,1
#noboundaries,1
#lilkim,1
#rattling,1
#sanantoniotexas,1
#muzyka,1
#tacticalnuclearweapons,1
#er,1
#bluffing,1
#boom,1
#submarino,1
#ships,1
#maintenance,1
#criminals,1
#safe,1
#eve,1
#keanureeves,1
#topstories,1
#lenahades,1
#tech,1
#imperialism,1
#spying,1
#ukrainetoday,1
#helpukraine,1
#challenging,1
#goodmorning,1
#scenario,1
#tormented,1
#exploding,1
#stupid,1
#rip,1
#60k,1
#wsf2022,1
#obama,1
#arabspring,1
#muslim,1
#abdulhadihamid,1
#pray,1
#huntforredoctober,1
#sustainability,1
#truestory,1
#russiamustfall,1
#warishell,1
#osamabinladen,1
#milestone,1
#rages,1
#furnace,1
#nukechina,1
#wordle,1
#bidenworstpresidentinhistory,1
#vatican,1
#sadness,1
#humanities,1
#marxism,1
#prayforukraine,1
#stopwarinukraine,1
#istandwithukraine,1
#copycats,1
#ukrainearmy,1
#creatos,1
#stopnuclearwar,1
#everybody,1
#appearance,1
#chemical,1
#recognizes,1
#globalnews,1
#violence,1
#tw,1
#rumors,1
#strange,1
#eme4390f2022,1
#satellite,1
#aihamid,1
#kharkivoffensive,1
#smrs,1
#enemyofthepeople,1
#thenewsroom,1
#smileyofcharlotte,1
#justiceforveterans,1
#counterintelligence,1
#advance,1
#climateinitiative,1
#mahsaamini,1
#strategicnuke,1
#justintrudeau,1
#europeans,1
#isis,1
#tacticalnuke,1
#evacuation,1
#mbs,1
#ukrainememes,1
#مهسا_امینی,1
#warhumor,1
#soundcloud,1
#lizzard,1
#education,1
#usdebt,1
#stockmarkets,1
#aircraft,1
#wbai,1
#italian,1
#british,1
#militarymen,1
#jacksonhinkle,1
#glenngreenwald,1
#collonges_switzerland,1
#martigny_district,1
#martigny,1
#doasisaynotasido,1
#leytron,1
#saillon,1
#dorénaz,1
#charrat,1
#putinhero,1
#distribute,1
#suntzu,1
#minutemanprepper,1
#tablets,1
#valais,1
#fully,1
#annihilation,1
#bex,1
#f24debate,1
#planet,1
#disturbing,1
#worldwar3europe,1
#thermonuclearwar,1
#fentanyl,1
#iranrevulotion,1
#blood,1
#ukraines,1
#tucker,1
#dolar,1
#puppet,1
#ย,1
#shoigu,1
#russiannuclearuse,1
#gamble,1
#billions,1
#cull,1
#leagueofnations,1
#commonsense,1
#wnisr2022,1
#bidenswar,1
#saxon_switzerland,1
#wareagle,1
#trendingnow,1
#noprivacy,1
#internetsurveillance,1
#mustbefirst,1
#duma,1
#escalationresolution,1
#stockmarketcrash,1
#falloutshelter,1
#southchinasea,1
#wednesday,1
#newswbai,1
#today,1
#lies,1
#thenation,1
#mostshared,1
#elon_musk,1
#russiaukrainwar,1
#gisele,1
#polish,1
#todayindoom,1
#dierendag,1
#ukrainia,1
#wnisr,1
#westernworld,1
#centralasian,1
#ambasada,1
#urban,1
#lewica,1
#apostolic,1
#kijow,1
#tvn,1
#tvn24,1
#fightforptdja,1
#todaysnews,1
#irelandisneutral,1
#londonmarathon,1
#hocuspocus2,1
#depose,1
#usm,1
#disturbed,1
#warcrimesofjunta,1
#bombinette,1
#deutschebank,1
#defence,1
#baltic,1
#rubio,1
#avoiding,1
#usaf,1
#simulation,1
#deterrence,1
#petreaus,1
#rossiya1,1
#conlfict,1
#disappointed,1
#rome,1
#theory,1
#spain,1
#tacticalnuclear,1
#red,1
#dumbasses,1
#supportukraine,1
#diplomacy140,1
#donestk,1
#generalconference,1
#ldsconf,1
#irandeal,1
#negotiated_ceasefire,1
#paul_dibb,1
#russias,1
#love,1
#gurus,1
#clergy,1
#tulsigabbard,1
#paulbegley,1
#titfortat,1
#logic,1
#shorts,1
#fact,1
#johnstone,1
#picture,1
#soldier,1
#ουκρανια,1
#khamenei,1
#vietnam,1
#ukrne,1
#unsafeatanyspeed,1
#beltway,1
#internationalconflict,1
#gordonchang,1
#usresponse,1
#rafaelmgrossi,1
#arsd,1
#theme,1
#drone,1
#ゴールデンカムイ,1
#unprovoked,1
#unacknowledged,1
#wargames,1
#reckless,1
#hermankahn,1
#ambassador,1
#australian,1
#ukrainet,1
#jappol,1
#nzpol,1
#aupol,1
#eupol,1
#ukpol,1
#uspol,1
#capol,1
#indpol,1
#bcpoli,1
#nspoli,1
#onpoli,1
#pqpoli,1
#appeasement,1
#theeconomist,1
#jensstoltenberg,1
#fuputin,1
#border,1
#removeputin,1
#depopulation,1
#badass,1
#fuckputin,1
#commando,1
#operator,1
#life,1
#arbcoindustriesworldwide,1
#arbcotv,1
#arbco,1
#ghost,1
#sfoperator,1
#cobracommander,1
#appletags,1
#trumpmeltdown,1
#midterms,1
#votebluetosaveamerica,1
#israel,1
#enoughisenough,1
#putinthecrazied,1
#thermonuclearweapons,1
#chief,1
#clashes,1
#usas,1
#npp,1
#scififri,1
#scifansat,1
#mars,1
#nuclearbomb,1
#twostepstohell,1
#strictly,1
#rolltide,1
#anightwithlegends,1
#globalisation,1
#21stc,1
#washingtondc,1
#withdraw,1
#ukrainemilitary,1
#trend,1
#ukranian,1
#express,1
#docudrama,1
#angelus,1
#acrylicpainting,1
#painting,1
#russiansdyingfornothing,1
#coup,1
#virus,1
#francis,1
#saturday,1
#ramzan,1
#leader,1
#ctbt,1
#nyt,1
#中國,1
#乌克兰,1
#俄罗斯,1
#dnc,1
#nordstream2sabotage,1
#unitedwithukraine,1
#diocese_of_rome,1
#pope_francis,1
#putinsally,1
#rayattack,1
#unitedstatesofamerica,1
#election2022,1
#sanctionrosatom,1
#paks,1
#ukriane,1
#nuclearresponse,1
#ukrainetown,1
#argentines,1
#liveupdates,1
#russiapullstroops,1
#ukrainianflag,1
#zelenskyysays,1
#star_wars,1
#holy_see,1
#vladimir,1
#rusna,1
#mondayvibes,1
#goodreads,1
#ukrainedastauziehen,1
#berlin,1
#alaska,1
#wien,1
#oklahoma,1
#newmexico,1
#nevada,1
#utah,1
#nl,1
#oregon,1
#wisconsin,1
#michigan,1
#arizona,1
#maryland,1
#virginia,1
#southcarolina,1
#differentsidesofthewar,1
#ucrâniaocabodeguerra,1
#dieunionmuschik,1
#russianaggression,1
#kamalaharris,1
#msnbc,1
#conspiracytheories,1
#conspiracy,1
#gohomerussia,1
#nevergiveup,1
#medvedev,1
#savemyownass,1
#peacenow,1
#disbandnato,1
#carbontax,1
#pool,1
#tweet,1
#americancitizens,1
#nuclearmissiles,1
#americanpeople,1
#bidenstartingww3,1
#blinkin,1
#johnbrennan,1
#íconosyvillanos,1
#rússia,1
#ucrânia,1
#ukrainethetugofwar,1
#theburlingtonfiles,1
#beyondenkription,1
#spy,1
#uaptwitter,1
#ufotwitter,1
#ode,1
#destroying,1
#chinamilitary,1
#kimgonemoon,1
#northkoreans,1
#fascists,1
#selenskyj,1
#melnyk,1
#bombed,1
#hydrogen,1
#blackmail,1
#nati,1
#edwardburlington,1
#forces,1
#nuclearbrinkmanship,1
#dictators,1
#northcarolina,1
#pennsylvania,1
#newjersey,1
#ohio,1
#indiana,1
#florida,1
#theothersideofthewar,1
#beprepared,1
#asmsg,1
#united,1
#jfk,1
#liberty,1
#trumpwasright,1
#rodinaplan,1
#suckers,1
#progressivesforwar,1
#unitesstates,1
#pelosi,1
#kindle,1
#ukraineunderattack,1
#climatehoax,1
#nasa,1
#murashov,1
#infamy,1
#annexing,1
#parts,1
#which,1
#unclear,1
#released,1
#head,1
#vonderleyen,1
#usmilitary,1
#newstalk550kfyi,1
#narrative,1
#kamala,1
#jamestharris,1
#gaffe,1
#vietnamwar,1
#ukrainewillprevail,1
#mgs,1
#day223,1
#ebook,1
#free,1
#prohibition,1
#legalizeit,1
#mustread,1
#consciousness,1
#cannabis,1
#nukesvnugs,1
#03ottobre,1
#looming,1
#letsgetiton,1
#westwood,1
#grinder,1
#redalert2,1
#move,1
#collective_defense,1
#article_5,1
#conservative,1
#commentary,1
#color,1
#circus,1
#ukranie,1
#frontline,1
#putinwarcrimes,1
#nonuclearwarfare,1
#ship,1
#that,1
#out,1
#lash,1
#grows,1
#ground,1
#claimed,1
#by,1
#as,1
#against,1
#kim,1
#peaceispossible,1
#xijingping,1
#television,1
#nuclearmilitarytrain,1
#mondaythoughts,1
#pakistantimestoday,1
#bias,1
#550kfyi,1
#criticalrole,1
#powerplant,1
#ukraineconflict,1
#southernukraine,1
#nuclearplant,1
#peacerequireseffort,1
#portugal,1
#wedont,1
#stoprussianaggression,1
#europa,1
#nonato,1
#stopthewarnow,1
#taxpay,1
#declare,1
#onlythedeadseenendofwar,1
#after,1
#elections2022,1
#desantis,1
#ugandaat60,1
#dubai,1
#gravitasplus,1
#westernsanctionsbackfire,1
#bigtech,1
#natoexpansion,1
#endsanctions,1
#reversesanctions,1
#neonazis,1
#azov,1
#crimeabridgesabotage,1
#voterepublican,1
#generalwhiterage,1
#dontlookup,1
#repentancecall,1
#afghanistan,1
#arvindkejriwal,1
#trumpwasrightabouteverything,1
#radiationemergency,1
#hypocrisy,1
#green,1
#lukashenko,1
#bbcaq,1
#globalconflict,1
#ignite,1
#minefield,1
#meme,1
#saveamerica,1
#wwiii_alert,1
#ukraine_war_brief_day_227,1
#bidencrimefamilly,1
#redalert,1
#ukr,1
#potassiumiodide,1
#trumpworld,1
#ursula,1
#motiongraphics,1
#obv,1
#warcriminal,1
#orbán,1
#viktororbán,1
#dailynewshungary,1
#hungarian,1
#hungary,1
#alexjones,1
#infowars,1
#2wordsbiden,1
#nukeukraine,1
#north,1
#videohive,1
#vfx,1
#smoke,1
#savagerus,1
#proudblue22,1
#demvoice1,1
#revolution,1
#jesus,1
#socialist,1
#tuttonormale,1
#dayafter,1
#genx,1
#redwave,1
#redwave2022,1
#aigeneratedart,1
#stabledifusion,1
#unscatter,1
#penglobalfactfile,1
#asia,1
#新闻,1
#usa_europe_vs_russia,1
#disclosure,1
#ufo,1
#alberta,1
#loot,1
#oott,1
#plandemic,1
#vtpoli,1
#newengland,1
#bostonglobe,1
#mepolitics,1
#cambma,1
#notowar,1
#wiunion,1
#wiright,1
#wipolitics,1
#switchitoff,1
#royals,1
#blackouts,1
#shadowempire,1
#audioleaks,1
#evilkind,1
#nhpolitics,1
#stockmarket,1
#ongt,1
#kicks,1
#jusoor_post,1
#joe_biden,1
#us_president,1
#chinataiwancrisis,1
#westwillreply,1
#wealthandtechnology,1
#buybuttonremoval,1
#amc,1
#operationhurricane,1
#nuclearveterans,1
#coldwsr,1
#science,1
#atomicweapons,1
#atomictesting,1
#attacks,1
#take,1
#wardrums,1
#immediate,1
#prepared,1
#swallows,1
#globalist,1
#أوكرانيا,1
#روسيا,1
#بوتين,1
#ars,1
#threads,1
#thedayafter,1
#insights,1
#article,1
#published,1
#nuclear_weapon,1
#white_house,1
#arresttrumpnow,1
#clownworld,1
#scientists,1
#ytbd,1
#monger,1
#weneedtrump,1
#clown,1
#westerns,1
#anno1962,1
#guerranucleare,1
#denuclearization,1
#moron,1
#notmypresident,1
#pfizers,1
#nonuclearwarever,1
#fox,1
#apocalipstick,1
#energysecurity,1
#wilmington,1
#boomers,1
#mushroom,1
#motion,1
#professor,1
#currentevents,1
#escalating,1
#4terrorrists,1
#性格の悪さテスト,1
#trudeaufortreason,1
#treason,1
#ardern,1
#trudeau,1
#deescalation,1
#detente,1
#primacy,1
#hegemony,1
#story,1
#pohp,1
#euweekinreview,1
#stockmarketindia,1
#fight,1
#buyamerican,1
#blackrock,1
#gowokegobroke,1
#weltkrieg,1
#mobilization,1
#lord,1
#celebrate,1
#christmas,1
#attack,1
#merciless,1
#brighton,1
#paris,1
#missilestrike,1
#sues,1
#radioactive,1
#i,1
#gasprices,1
#shopyourvalues,1
#klausschwab,1
#stopwef,1
#fire,1
#morris,1
#city,1
#spring,1
#timestamp,1
#nonsense,1
#don,1
#pedoputin,1
#prophets,1
#mightywordonktn,1
#kitten,1
#catsoftwittter,1
#men,1
#humans,1
#388magictweets,1
#нетвойне,1
#нетвойнесукраиной,1
#clayton,1
#bill,1
#air,1
#gates,1
#girl,1
#sexy,1
#water,1
#clean,1
#tennis,1
#nature,1
#newyorkcity,1
#fakenews,1
#conservatives,1
#realstory,1
#abandonedplaces,1
#urbex,1
#abandoned,1
#bidenworstpresidentever,1
#cabal,1
#poetry,1
#uncertainty,1
#balanceofpower,1
#npr,1
#donbassgenocide,1
#nazism,1
#vp,1
#resign,1
#you,1
#euinsanity,1
#abc730,1
#winteriscoming,1
#viralvdoz,1
#watch,1
#mtg,1
#traitors,1
#warbuttholes,1
#enough,1
#stopsendingmoney,1
#natoterrorism,1
#nytimes,1
#worry,1
#wapo,1
#channel,1
#catastrophe,1
#backgrounds,1
#animation,1
#alpha,1
#3dobject,1
#putinsfolly,1
#crimeaisukraine,1
#powerfulexplosion,1
#bridgelinkingrussia,1
#paypal,1
#tamashaeldoret,1
#restinpeace,1
#kieve,1
#khersoncounteroffensive,1
#crimes,1
#mep,1
#development,1
#eurovision2023,1
#addicted,1
#boomer,1
#alphamale,1
#fjbiden,1
#prayforcrimea,1
#channelone_rus,1
#kanyewest,1
#deathcon,1
#kanye,1
#googleearthengine,1
#november,1
#scheduled,1
#civilisation,1
#meditation,1
#memories,1
#livestream,1
#youtuber,1
#gaming,1
#theothersidetour,1
#crimeanbrige,1
#yomkippur,1
#atacms,1
#transportation,1
#newsthatmatters,1
#nct,1
#milanjuventus,1
#pc,1
#egmdeprem,1
#arma3ops,1
#arma3,1
#arma,1
#gameplay,1
#pcgaming,1
#tsunamis,1
#tawain,1
#socialmedia,1
#rashism,1
#russianinvasionofukraine,1
#ukraineunderattaсk,1
#bidengascrisis,1
#voteredtosaveamerica2022,1
#democratsaretheproblem,1
#midterms2022,1
#countries,1
#trumps,1
#discussion,1
#nteb,1
#nplate,1
#nowarinukraine,1
#candleday,1
#nstworld,1
#highest,1
#ruscism,1
#minbz,1
#compassion,1
#defensie,1
#nftcommmunity,1
#nftphotography,1
#zakharova,1
#martiallaw,1
#supremecourt,1
#madvlad,1
#nikiforov,1
#warmongers,1
#bolton,1
#thursdaythoughts,1
#civilwar,1
#drug,1
#evil,1
#nrc,1
#d66,1
#bidenregime,1
#leadership,1
#civilrights,1
#unsc,1
#nuclearmissile,1
#putinisnotjoking,1
#football,1
#mariomovie,1
#bnnukraine,1
#why,1
#humanrace,1
#bleach,1
#putinnotbluffing,1
#worldfacesrisk,1
#latest,1
#selenskyy,1
#joking,1
#notpoggers,1
#iraq,1
#80s,1
#noblepeaceprize,1
#modi,1
#bidenflation,1
#secondworldwar,1
#river,1
#dinpro,1
#abolishnato,1
#prosecutecriminals,1
#epiccrimewaves,1
#bidensamerica,1
#reznikov,1
#stopescalating,1
#ww1,1
#flute,1
#lizzo,1
#belgorod,1
#givepeaceachance,1
#mercenaries,1
#nftday,1
#peskov,1
#cat,1
#badia,1
#podcast,1
#jefbecomesjef,1
#parati,1
#fypシ,1
#otan,1
#thorium,1
#podsavetheworld,1
#galacticfederation,1
#zaporizhzhianpp,1
#russiantensions,1
#venislavsky,1
#trudeaumustgotojail,1
#trudeaumustgo,1
#ai,1
#clingendaelorg,1
#resistance,1
#welcome,1
#health,1
#maskup,1
#lessonsofdictators,1
#ovaloffice,1
#scarywaystogreetpeople,1
#schofield,1
#headlines,1
#suspects,1
#usual,1
#letonia,1
#nuclearwafare,1
#onu,1
#evacuations,1
#itvnews,1
#kamaz,1
#oneplateau,1
#peacekeeping,1
#hcssnl,1
#parlement,1
#building,1
#apartment,1
#saragiussani,1
#g20indonesia,1
#kimjungun,1
#liberation,1
#drones,1
#rafael_grossi,1
#nuclear_power_plant,1
#zaporizhia_nuclear_power_plant,1
#affiliate,1
#fallout3,1
#abusive,1
#transparency,1
#statedepartment,1
#nice,1
#medicine,1
#ufos,1
#oped,1
#globalpolitics,1
#glorytoukraine,1
#flattening,1
#sevenrockets,1
#southern,1
#hits,1
#killed,1
#people,1
#zone,1
#sjaishankar,1
#existential,1
#dismemberment,1
#demise,1
#send_troops,1
#ukraine_war_brief_day_225,1
#planaplanb,1
#russia_ukraine_war,1
#delhi,1
#decimated,1
#selloff,1
#instability,1
#us10y,1
#bondmarket,1
#deadeconomy,1
#unemployment,1
#jobs,1
#weaponspackage,1
#fed,1
#tactics,1
#ns1and,1
#doom,1
#covidisnotover,1
#disasterpreparedness,1
#diet,1
#cleanenergy,1
#centralbanks,1
#navybeans,1
#worldfinalnuclearwar,1
#genetic,1
#ou,1
#worstpresidentever,1
#zelenskyywarcriminal,1
#terrorists,1
#saddest,1
#shit,1
#bidenapocalypse,1
#presidentbiden,1
#radicalislamicterrorism,1
#vladimirjelenski,1
#diplomaticdispatch,1
#uspresident,1
#dlcbc,1
#lymphoma,1
#mitochondrial,1
#vaccine,1
#ukrainianwar,1
#election,1
#toriesout,1
#language,1
#fjb2022,1
#cuban_missile_crisis,1
#apesnotleaving,1
#apes,1
#livenews,1
#nt10,1
#newstime10,1
#breakingnewsbreakingbarriers,1
#warplanes,1
#jets,1
#airforce,1
#millions,1
#thousands,1
#dying,1
#fridaythougths,1
#costoflivingcrisis,1
#stopzelensky,1
#ebooks,1
#cunningrat,1
#very,1
#ukraine_russia_war,1
#wwiii777,1
#first_strike,1
#bidenisadisgrace,1
#truth,1
#saveus,1
#draymond,1
#miraclewhip,1
#coltsbroncos,1
#collapse,1
#armageddonjoe,1
#euco,1
#belgium,1
#redrivershootout,1
#redriverrivalry,1
#redrivershowdown,1
#vladmirputin,1
#update,1
#blair,1
#tony,1
#sir,1
#envoy,1
#middleeastern,1
#fridaymorning,1
#sgxnifty,1
#nasdaq,1
#dowjones,1
#usmarket,1
#nifty,1
#niftybank,1
#banknifty,1
#nifty50,1
#nobelprize2022,1
#theasianaffairs,1
#needtickets,1
#armageddontime,1
#congress,1
#sikh,1
#gambia,1
#coughsyrup,1
#unhrc,1
#federal,1
#hong,1
#police,1
#marriage,1
#bangladesh,1
#pease,1
#uap,1
#doomsdayclock,1
#worldsmileday,1
#armagedón,1
#dow,1
#western_response,1
#oilprice,1
#giantmonsters,1
#ironcurtain,1
#coldwarraf,1
#raf,1
#ussr,1
#coldwargermany,1
#aviationbooks,1
#aviationdaily,1
#aviationlovers,1
#avifan,1
#aviation,1
#coldwaraviation,1
#cottonbowl,1
#longhorns,1
#boomersooner,1
#hookem,1
#soviet,1
#airpower,1
#whattoread,1
#him,1
#nextchapterpub,1
#reading,1
#peaceinukraine,1
#udfam,1
#sokov,1
#now,1
#threatened,1
#book,1
#putins,1
#townflex,1
#atomkrieg,1
#birthday,1
#migrants,1
#echr,1
#referenda,1
